<?xml version="1.0" encoding="UTF-8"?>
<project-private xmlns="http://www.netbeans.org/ns/project-private/1">
    <editor-bookmarks xmlns="http://www.netbeans.org/ns/editor-bookmarks/2" lastBookmarkId="0"/>
    <open-files xmlns="http://www.netbeans.org/ns/projectui-open-files/2">
        <group>
            <file>file:/E:/FPT/Spring%202024/LAB211/projects/StudentManagement/src/Controller/Controller.java</file>
            <file>file:/E:/FPT/Spring%202024/LAB211/projects/StudentManagement/src/View/StudentView.java</file>
            <file>file:/E:/FPT/Spring%202024/LAB211/projects/StudentManagement/src/Model/Student.java</file>
            <file>file:/E:/FPT/Spring%202024/LAB211/projects/StudentManagement/src/View/Menu.java</file>
            <file>file:/E:/FPT/Spring%202024/LAB211/projects/StudentManagement/src/Entry/Main.java</file>
            <file>file:/E:/FPT/Spring%202024/LAB211/projects/StudentManagement/src/View/DisplayMenu.java</file>
            <file>file:/E:/FPT/Spring%202024/LAB211/projects/StudentManagement/src/Model/Students.java</file>
            <file>file:/E:/FPT/Spring%202024/LAB211/projects/StudentManagement/src/Common/Library.java</file>
        </group>
    </open-files>
</project-private>
